isic_id,target
ISIC_0015657,0.5547148743236688
ISIC_0015729,0.35627411796708036
ISIC_0015740,0.5464544046997455
